<?xml version="1.0" standalone="yes"?>
<phpmaker.scrolltable date="2016/7/25" version="13.0.0" desc="Scrolling Table" author="e.World Technology Ltd.">

	<!-- ewscrolltable.js -->
	<control id="ewscrolltable.js" type="copy" action="add"
			ifiles="ewscrolltable.min.js"
			ofolderid="_js"
			ofile="ewscrolltable.min" oext="js">
	</control>
	<!-- <control id="ewscrolltable.js" type="copy" action="add"
			ifiles="ewscrolltable.js"
			ofolderid="_js"
			ofile="ewscrolltable" oext="js">
	</control> -->

	<!-- table list page -->
	<control id="list" type="table" action="change">
		<!-- config -->
		<session type="key" value="config_scrolltable" action="add"
				location="phpconfig" loctype="after"
				ifile="phpconfig.php"/>
		<!-- add js -->
		<session type="key" value="js_scrolltable" action="add"
				location="js_local_end" loctype="after"
				ifile="scroll.js"/>
		<!-- add init js -->
		<session type="key" value="js_scrolltable_init" action="add"
				location="clientstartupscript" loctype="after"
				ifile="scroll.js"/>
	</control>

</phpmaker.scrolltable>

