<?xml version="1.0" standalone="yes"?>
<phpmaker.dhtml date="2016/11/14" version="13.0.4" desc="TinyMCE Extension" author="e.World Technology Ltd.">

	<!-- function for extension -->
	<control id="tinymce_function" type="function" action="add" ifiles="tinymce_function.js" />

	<!--
		copy all TinyMCE files
	-->
	<control id="tinymce" type="copy" action="add"
			ofolder="tinymce"
			ifolder="tinymce"/>

	<!-- eweditor.js -->
	<control id="eweditor.js" type="other" action="add"
			ofolderid="_js" ofile="eweditor" oext="js"
			ifiles="ew_addon.js" cond="function/UseDHTMLEditor/Boolean/EQ/True">
		<session type="key" value="tinymce_editor_js"/>
	</control>

	<!-- template -->
	<control id="header" type="other" action="change">
		<!-- client js -->
		<session type="key" value="tinymce_js_client" action="add"
				location="header_top_2" loctype="after"
				ifile="ew_addon.js"/>
	</control>

</phpmaker.dhtml>
