<?xml version="1.0" standalone="yes"?>
<phpmaker.horizontalmenu date="2016/7/25" version="13.0.0" desc="horizontal menu" author="e.World Technology Ltd.">

	<!--
		Update config
	-->
	<control id="ewconfig" type="other" action="change">
		<!-- config -->
		<session type="key" value="menu_config" action="add"
				location="phpcommon-config" loctype="after"
				ifile="phpconfig.php"/>
		<!-- replace menu config -->
		<session type="key" value="ewconfigmenu" action="change"
				ifile="ewmenucfg.php"/>
	</control>

	<!--
		header file
	-->
	<control id="header" type="other" action="change">
		<!-- config -->
		<session type="key" value="menu_config" action="add"
				location="phpcommon-config" loctype="after"
				ifile="phpconfig.php"/>
		<session type="key" value="menu" action="change"
				ifile="ewmenuext.php" />	
	</control>
	
</phpmaker.horizontalmenu>
