<?xml version="1.0" standalone="yes"?>
<phpmaker.phpexcel date="2016/7/25" version="13.0.0" desc="Export to Excel5/2007" author="e.World Technology Ltd.">
	<!--
		copy all PHPExcel files
	-->
	<control id="phpexcel" type="copy" action="add"
			ofolder="phpexcel181"
			ifolder="phpexcel181"/>

	<!--
		Update config
	-->
	<control id="ewconfig" type="other" action="change">
		<!-- add phpexcel config -->
		<session type="key" value="excelconfig" action="add"
				location="ewconfig" loctype="after"
				ifile="excelcfg.php"/>
	</control>

	<!--
		Update global function
	-->
	<control id="phpmkrfn" type="other" action="change">
		<session type="key" value="excelconfig" action="add"
				location="phpcommon-config" loctype="after"
				ifile="phpexcel-script.php"/>
		<session type="key" value="exportexcel" action="add"
				location="fieldclass" loctype="after"
				ifile="phpexcel-script.php"/>
	</control>

	<!-- table info page -->
	<control id="info" type="table" action="change">
		<!-- config -->
		<session type="key" value="excelconfig" action="add"
				location="infoconfig" loctype="after"
				ifile="phpexcel-script.php"/>
	</control>

</phpmaker.phpexcel>
