<?xml version="1.0" standalone="yes"?>
<phpmaker.captcha date="2016/12/14" version="13.0.5" desc="default template" author="e.World Technology Ltd.">

	<!--
		Update Global configuration file
	-->
	<control id="ewconfig" type="other" action="change">
		<!-- add captcha config -->
		<session type="key" value="captchaconfig" action="add"
				location="ewconfig" loctype="after"
				ifile="captchacfg.php"/>
	</control>

	<!--
		Write captcha
	-->
	<control id="ewcaptcha.php" type="other" action="add"
			ifiles="ewcaptcha.php" ofile="ewcaptcha" oext="*"
			cond="function/IsReCaptcha/Boolean/EQ/False">
		<session type="key" value="ewcaptcha"/>
	</control>
			
	<!-- recaptcha -->
	<control id="recaptcha" type="copy" action="add"
			ofolder="ReCaptcha"
			ifolder="ReCaptcha"
			cond="function/IsReCaptcha/Boolean/EQ/True" />

	<!-- template -->
	<control id="header" type="other" action="change" cond="function/IsReCaptcha/Boolean/EQ/True">
		<session type="key" value="phpcaptcha_config" action="add"
				location="common_config" loctype="after"
				ifile="captcha-script.php"/>
		<session type="key" value="recaptcha_js_client" action="add"
				location="header_top_2" loctype="after"
				ifile="captcha-script.php"/>
	</control>

	<!-- font -->
	<control id="monofont.ttf" type="copy" action="add"
			ifiles="monofont.ttf" ofolderid="_font" overwrite="False"
			cond="function/CaptchaFont/String/EQ/monofont" />
	<control id="aftershock.ttf" type="copy" action="add"
			ifiles="aftershock.ttf" ofolderid="_font" overwrite="False"
			cond="function/CaptchaFont/String/EQ/aftershock" />

	<!-- add page -->
	<control id="add" type="table" action="change">
		<!-- config -->
		<session type="key" value="phpcaptcha_config" action="add"
				location="phpcommon-table-config" loctype="after"
				ifile="captcha-script.php"/>
	</control>
	
	<!-- edit page -->
	<control id="edit" type="table" action="change">
		<!-- config -->
		<session type="key" value="phpcaptcha_config" action="add"
				location="phpcommon-table-config" loctype="after"
				ifile="captcha-script.php"/>
	</control>

	<!-- register page -->
	<control id="register" type="other" action="change">
		<!-- config -->
		<session type="key" value="phpcaptcha_config" action="add"
				location="phpcommon-table-config" loctype="after"
				ifile="captcha-script.php"/>
	</control>

	<!-- login page -->
	<control id="login" type="other" action="change">
		<!-- config -->
		<session type="key" value="phpcaptcha_config" action="add"
				location="phpcommon-config" loctype="after"
				ifile="captcha-script.php"/>
	</control>

	<!-- forgot password page -->
	<control id="forgotpwd" type="other" action="change">
		<!-- config -->
		<session type="key" value="phpcaptcha_config" action="add"
				location="phpcommon-table-config" loctype="after"
				ifile="captcha-script.php"/>
	</control>

	<!-- change password page -->
	<control id="changepwd" type="other" action="change">
		<!-- config -->
		<session type="key" value="phpcaptcha_config" action="add"
				location="phpcommon-table-config" loctype="after"
				ifile="captcha-script.php"/>
	</control>

</phpmaker.captcha>
