<?xml version="1.0" standalone="yes"?>
<phpmaker.preview date="2016/7/25" version="13.0.0" desc="Preview Extension" author="e.World Technology Ltd.">

	<!-- update global config file	-->
	<control id="ewconfig" type="other" action="change">
		<!-- add preview page config -->
		<session type="key" value="ewconfigpreview" action="add"
				location="ewconfig" loctype="after"
				ifile="ewpreviewcfg.php"/>
	</control>

	<!-- preview row js -->
	<control id="preview.js" type="copy" action="add"
			ifiles="ewpreview.min.js"
			ofolderid="_js"
			ofile="ewpreview.min" oext="js">
	</control>
	<!-- <control id="preview.js" type="copy" action="add"
			ifiles="ewpreview.js"
			ofolderid="_js"
			ofile="ewpreview" oext="js">
	</control> -->

	<!-- table list page -->
	<control id="list" type="table" action="change">
		<!-- config -->
		<session type="key" value="preview_config" action="add"
				location="phpconfig" loctype="after"
				ifile="phpconfig.php"/>
		<!-- add yui css/js -->
		<session type="key" value="preview" action="add"
				location="js_local_end" loctype="after"
				ifile="preview.html"/>		
		<!-- add setupoption -->
		<session type="key" value="setupoption" action="add"
				location="setuplistoptionsext-start" loctype="after"
				ifile="renderoption.php"/>		
		<!-- add renderoption -->
		<session type="key" value="renderoption" action="add"
				location="renderlistoptionsext-start" loctype="after"
				ifile="renderoption.php"/>		
	</control>

	<!-- detail preview page -->
	<control id="preview" type="table" action="add"
			ifiles="preview-script.php"
			ofile="preview" oext="php"
			cond="table/TblIsDetail/EQ/True">
		<!-- php directive -->
		<session type="key" value="phpcommon-directive" ifile="phpcommon.php" />
		<!-- configuration -->
		<session type="key" value="phpcommon-config" ifile="phpcommon.php" />
		<session type="key" value="phpcommon-table-config" ifile="phpcommon-table.php" />
		<!-- include files -->
		<session type="include" value="ewconfig" />
		<session type="include" value="_adodb" />
		<session type="include" value="phpmkrfn" />
		<session type="include" value="info" />
		<session type="key" value="phpcommon-table-include" ifile="phpcommon-table.php" />
		<session type="include" value="userfn" />
		<!-- page class -->
		<session type="key" value="phppageclassbegin" ifile="phpcommon-scripts.php" />
		<session type="key" value="phpmain" />
		<session type="key" value="phpevents" ifile="phpcommon-scripts.php" />
		<session type="key" value="phpevents" />
		<session type="key" value="phppageclassend" ifile="phpcommon-scripts.php" />
		<!-- initial php codes -->
		<session type="key" value="phpload" ifile="phpcommon-scripts.php" />
		<!-- htm -->
		<session type="key" value="htmtable" />
		<!-- final codes -->
		<session type="key" value="phpunload" ifile="phpcommon-scripts.php" />
	</control>

</phpmaker.preview>
