<?xml version="1.0" standalone="yes"?>
<phpmaker.phpword date="2016/7/25" version="13.0.0" desc="Export to Word 2007" author="e.World Technology Ltd.">

	<!--
		copy all PHPWord files
	-->
	<control id="phpword" type="copy" action="add"
			ofolder="PHPWord"
			ifolder="PHPWord"/>
	<control id="phpword.php" type="copy" action="add" ifiles="PHPWord.php" />

	<!--
		Update config
	-->
	<control id="ewconfig" type="other" action="change">
		<!-- add phpword config -->
		<session type="key" value="wordconfig" action="add"
				location="ewconfig" loctype="after"
				ifile="wordcfg.php"/>
	</control>

	<!--
		Update global function
	-->
	<control id="phpmkrfn" type="other" action="change">
		<session type="key" value="exportword" action="add"
				location="fieldclass" loctype="after"
				ifile="phpword-script.php"/>
	</control>

</phpmaker.phpword>
